variant,official_source,meaningful_capability,shipped_recipe,tested,geometry,gaps_or_qualification,screenshot,mobile_screenshot,evidence_location_note,shared_follow_up,new_evidence_scope,remaining_next_action
chart-line-default,https://github.com/shadcn-ui/ui/blob/d75a96ab781f3d659be1ad287347d5887ce9f2fc/apps/v4/registry/new-york-v4/charts/chart-line-default.tsx,natural curve; no resting dots,"SmoothLine (monotone, not exact natural recipe)","render, finite SVG, 900px/320px screenshot; static composition",settled paths equal,default tooltip lacks hideLabel,evidence/chart-line-default-desktop.png,evidence/chart-line-default-320.png,Screenshots retained in isolated audit workspace; not embedded in this CSV.,TooltipContent.hideLabel,Shared public packed recipe tested for line/area/bar; original 59 variants were not rerendered in this PR,Retain original host recipe/geometry qualifications; review missing demonstration list in shadcn-presentation-parity.md
chart-line-dots-colors,https://github.com/shadcn-ui/ui/blob/d75a96ab781f3d659be1ad287347d5887ce9f2fc/apps/v4/registry/new-york-v4/charts/chart-line-dots-colors.tsx,per-row dot fill,not demonstrated,"render, finite SVG, 900px/320px screenshot; static composition",settled paths equal,default tooltip lacks hideLabel; default tooltip lacks line selection,evidence/chart-line-dots-colors-desktop.png,evidence/chart-line-dots-colors-320.png,Screenshots retained in isolated audit workspace; not embedded in this CSV.,TooltipContent.hideLabel; TooltipContent.indicator=line,Shared public packed recipe tested for line/area/bar; original 59 variants were not rerendered in this PR,Retain original host recipe/geometry qualifications; review missing demonstration list in shadcn-presentation-parity.md
chart-line-dots-custom,https://github.com/shadcn-ui/ui/blob/d75a96ab781f3d659be1ad287347d5887ce9f2fc/apps/v4/registry/new-york-v4/charts/chart-line-dots-custom.tsx,custom SVG dot component,"CustomMarkerLine (diamond, not exact icon)","render, finite SVG, 900px/320px screenshot; static composition",settled paths equal,default tooltip lacks hideLabel,evidence/chart-line-dots-custom-desktop.png,evidence/chart-line-dots-custom-320.png,Screenshots retained in isolated audit workspace; not embedded in this CSV.,TooltipContent.hideLabel,Shared public packed recipe tested for line/area/bar; original 59 variants were not rerendered in this PR,Retain original host recipe/geometry qualifications; review missing demonstration list in shadcn-presentation-parity.md
chart-line-dots,https://github.com/shadcn-ui/ui/blob/d75a96ab781f3d659be1ad287347d5887ce9f2fc/apps/v4/registry/new-york-v4/charts/chart-line-dots.tsx,native resting dots and active radius,DotsLine,"render, finite SVG, 900px/320px screenshot; static composition",settled paths equal,default tooltip lacks hideLabel,evidence/chart-line-dots-desktop.png,evidence/chart-line-dots-320.png,Screenshots retained in isolated audit workspace; not embedded in this CSV.,TooltipContent.hideLabel,Shared public packed recipe tested for line/area/bar; original 59 variants were not rerendered in this PR,Retain original host recipe/geometry qualifications; review missing demonstration list in shadcn-presentation-parity.md
chart-line-interactive,https://github.com/shadcn-ui/ui/blob/d75a96ab781f3d659be1ad287347d5887ce9f2fc/apps/v4/registry/new-york-v4/charts/chart-line-interactive.tsx,90 daily rows; selected series buttons and totals; date label formatting,"ComparisonLine is visibility control, not selected-series totals","render, finite SVG, 900px/320px screenshot; control changes render",settled paths equal,custom host presentation; no exact-style parity claim,evidence/chart-line-interactive-desktop.png,evidence/chart-line-interactive-320.png,Screenshots retained in isolated audit workspace; not embedded in this CSV.,No shared gap listed in original row,Shared public packed recipe tested for line/area/bar; original 59 variants were not rerendered in this PR,Retain bounded capability claim; exact original application chrome/Select/icon artwork remains unproved
chart-line-label-custom,https://github.com/shadcn-ui/ui/blob/d75a96ab781f3d659be1ad287347d5887ce9f2fc/apps/v4/registry/new-york-v4/charts/chart-line-label-custom.tsx,custom LabelList content,not demonstrated,"render, finite SVG, 900px/320px screenshot; static composition",settled paths equal,default tooltip lacks hideLabel; default tooltip lacks line selection,evidence/chart-line-label-custom-desktop.png,evidence/chart-line-label-custom-320.png,Screenshots retained in isolated audit workspace; not embedded in this CSV.,TooltipContent.hideLabel; TooltipContent.indicator=line,Shared public packed recipe tested for line/area/bar; original 59 variants were not rerendered in this PR,Retain original host recipe/geometry qualifications; review missing demonstration list in shadcn-presentation-parity.md
chart-line-label,https://github.com/shadcn-ui/ui/blob/d75a96ab781f3d659be1ad287347d5887ce9f2fc/apps/v4/registry/new-york-v4/charts/chart-line-label.tsx,numeric LabelList,LabeledLine,"render, finite SVG, 900px/320px screenshot; static composition",settled paths equal,default tooltip lacks line selection,evidence/chart-line-label-desktop.png,evidence/chart-line-label-320.png,Screenshots retained in isolated audit workspace; not embedded in this CSV.,TooltipContent.indicator=line,Shared public packed recipe tested for line/area/bar; original 59 variants were not rerendered in this PR,Retain original host recipe/geometry qualifications; review missing demonstration list in shadcn-presentation-parity.md
chart-line-linear,https://github.com/shadcn-ui/ui/blob/d75a96ab781f3d659be1ad287347d5887ce9f2fc/apps/v4/registry/new-york-v4/charts/chart-line-linear.tsx,linear curve,TrendLine,"render, finite SVG, 900px/320px screenshot; static composition",settled paths equal,default tooltip lacks hideLabel,evidence/chart-line-linear-desktop.png,evidence/chart-line-linear-320.png,Screenshots retained in isolated audit workspace; not embedded in this CSV.,TooltipContent.hideLabel,Shared public packed recipe tested for line/area/bar; original 59 variants were not rerendered in this PR,Retain original host recipe/geometry qualifications; review missing demonstration list in shadcn-presentation-parity.md
chart-line-multiple,https://github.com/shadcn-ui/ui/blob/d75a96ab781f3d659be1ad287347d5887ce9f2fc/apps/v4/registry/new-york-v4/charts/chart-line-multiple.tsx,two natural series,ComparisonLine,"render, finite SVG, 900px/320px screenshot; static composition",settled paths equal,custom host presentation; no exact-style parity claim,evidence/chart-line-multiple-desktop.png,evidence/chart-line-multiple-320.png,Screenshots retained in isolated audit workspace; not embedded in this CSV.,No shared gap listed in original row,Shared public packed recipe tested for line/area/bar; original 59 variants were not rerendered in this PR,Retain bounded capability claim; exact original application chrome/Select/icon artwork remains unproved
chart-line-step,https://github.com/shadcn-ui/ui/blob/d75a96ab781f3d659be1ad287347d5887ce9f2fc/apps/v4/registry/new-york-v4/charts/chart-line-step.tsx,step interpolation,StepLine (stepAfter),"render, finite SVG, 900px/320px screenshot; static composition",settled paths equal,default tooltip lacks hideLabel,evidence/chart-line-step-desktop.png,evidence/chart-line-step-320.png,Screenshots retained in isolated audit workspace; not embedded in this CSV.,TooltipContent.hideLabel,Shared public packed recipe tested for line/area/bar; original 59 variants were not rerendered in this PR,Retain original host recipe/geometry qualifications; review missing demonstration list in shadcn-presentation-parity.md
chart-area-axes,https://github.com/shadcn-ui/ui/blob/d75a96ab781f3d659be1ad287347d5887ce9f2fc/apps/v4/registry/new-york-v4/charts/chart-area-axes.tsx,numeric Y axis and categorical X axis,axes shared by recipes,"render, finite SVG, 900px/320px screenshot; static composition",settled paths equal,custom host presentation; no exact-style parity claim,evidence/chart-area-axes-desktop.png,evidence/chart-area-axes-320.png,Screenshots retained in isolated audit workspace; not embedded in this CSV.,No shared gap listed in original row,Shared public packed recipe tested for line/area/bar; original 59 variants were not rerendered in this PR,Retain bounded capability claim; exact original application chrome/Select/icon artwork remains unproved
chart-area-default,https://github.com/shadcn-ui/ui/blob/d75a96ab781f3d659be1ad287347d5887ce9f2fc/apps/v4/registry/new-york-v4/charts/chart-area-default.tsx,natural fill and outline,SmoothArea,"render, finite SVG, 900px/320px screenshot; static composition",settled paths equal,default tooltip lacks line selection,evidence/chart-area-default-desktop.png,evidence/chart-area-default-320.png,Screenshots retained in isolated audit workspace; not embedded in this CSV.,TooltipContent.indicator=line,Shared public packed recipe tested for line/area/bar; original 59 variants were not rerendered in this PR,Retain original host recipe/geometry qualifications; review missing demonstration list in shadcn-presentation-parity.md
chart-area-gradient,https://github.com/shadcn-ui/ui/blob/d75a96ab781f3d659be1ad287347d5887ce9f2fc/apps/v4/registry/new-york-v4/charts/chart-area-gradient.tsx,linearGradient with stop opacity,GradientArea,"render, finite SVG, 900px/320px screenshot; static composition",settled paths equal,custom host presentation; no exact-style parity claim,evidence/chart-area-gradient-desktop.png,evidence/chart-area-gradient-320.png,Screenshots retained in isolated audit workspace; not embedded in this CSV.,No shared gap listed in original row,Shared public packed recipe tested for line/area/bar; original 59 variants were not rerendered in this PR,Retain bounded capability claim; exact original application chrome/Select/icon artwork remains unproved
chart-area-icons,https://github.com/shadcn-ui/ui/blob/d75a96ab781f3d659be1ad287347d5887ce9f2fc/apps/v4/registry/new-york-v4/charts/chart-area-icons.tsx,two stacked areas; icon metadata/legend,text-only legend; icon gap,"render, finite SVG, 900px/320px screenshot; static composition",legend layout changes plot size; not a proven engine gap,default tooltip lacks line selection; built-in icon metadata missing,evidence/chart-area-icons-desktop.png,evidence/chart-area-icons-320.png,Screenshots retained in isolated audit workspace; not embedded in this CSV.,TooltipContent.indicator=line; SeriesConfig.icon; TooltipContent icon; Legend icon/children,Shared public packed recipe tested for line/area/bar; original 59 variants were not rerendered in this PR,Retain original host recipe/geometry qualifications; review missing demonstration list in shadcn-presentation-parity.md
chart-area-interactive,https://github.com/shadcn-ui/ui/blob/d75a96ab781f3d659be1ad287347d5887ce9f2fc/apps/v4/registry/new-york-v4/charts/chart-area-interactive.tsx,"90-day/30-day/7-day date filter; gradients, stack and legend",InteractiveArea toggles series; date-range filter not demonstrated,"render, finite SVG, 900px/320px screenshot; control changes render",legend layout changes plot size; not a proven engine gap,default tooltip lacks dot selection; date-range UX not shipped,evidence/chart-area-interactive-desktop.png,evidence/chart-area-interactive-320.png,Screenshots retained in isolated audit workspace; not embedded in this CSV.,TooltipContent.indicator=dot,Shared public packed recipe tested for line/area/bar; original 59 variants were not rerendered in this PR,Add host-owned 90/30/7-day filtering with consistent totals/table and accessible date controls
chart-area-legend,https://github.com/shadcn-ui/ui/blob/d75a96ab781f3d659be1ad287347d5887ce9f2fc/apps/v4/registry/new-york-v4/charts/chart-area-legend.tsx,two areas; legend,StackedArea/InteractiveArea,"render, finite SVG, 900px/320px screenshot; static composition",legend layout changes plot size; not a proven engine gap,default tooltip lacks line selection,evidence/chart-area-legend-desktop.png,evidence/chart-area-legend-320.png,Screenshots retained in isolated audit workspace; not embedded in this CSV.,TooltipContent.indicator=line,Shared public packed recipe tested for line/area/bar; original 59 variants were not rerendered in this PR,Retain original host recipe/geometry qualifications; review missing demonstration list in shadcn-presentation-parity.md
chart-area-linear,https://github.com/shadcn-ui/ui/blob/d75a96ab781f3d659be1ad287347d5887ce9f2fc/apps/v4/registry/new-york-v4/charts/chart-area-linear.tsx,linear fill,LinearArea,"render, finite SVG, 900px/320px screenshot; static composition",settled paths equal,default tooltip lacks hideLabel; default tooltip lacks dot selection,evidence/chart-area-linear-desktop.png,evidence/chart-area-linear-320.png,Screenshots retained in isolated audit workspace; not embedded in this CSV.,TooltipContent.hideLabel; TooltipContent.indicator=dot,Shared public packed recipe tested for line/area/bar; original 59 variants were not rerendered in this PR,Retain original host recipe/geometry qualifications; review missing demonstration list in shadcn-presentation-parity.md
chart-area-stacked-expand,https://github.com/shadcn-ui/ui/blob/d75a96ab781f3d659be1ad287347d5887ce9f2fc/apps/v4/registry/new-york-v4/charts/chart-area-stacked-expand.tsx,three normalized stackOffset=expand areas,PercentArea,"render, finite SVG, 900px/320px screenshot; static composition",settled paths equal,default tooltip lacks line selection,evidence/chart-area-stacked-expand-desktop.png,evidence/chart-area-stacked-expand-320.png,Screenshots retained in isolated audit workspace; not embedded in this CSV.,TooltipContent.indicator=line,Shared public packed recipe tested for line/area/bar; original 59 variants were not rerendered in this PR,Retain original host recipe/geometry qualifications; review missing demonstration list in shadcn-presentation-parity.md
chart-area-stacked,https://github.com/shadcn-ui/ui/blob/d75a96ab781f3d659be1ad287347d5887ce9f2fc/apps/v4/registry/new-york-v4/charts/chart-area-stacked.tsx,two additive stackId=a areas,StackedArea,"render, finite SVG, 900px/320px screenshot; static composition",settled paths equal,default tooltip lacks dot selection,evidence/chart-area-stacked-desktop.png,evidence/chart-area-stacked-320.png,Screenshots retained in isolated audit workspace; not embedded in this CSV.,TooltipContent.indicator=dot,Shared public packed recipe tested for line/area/bar; original 59 variants were not rerendered in this PR,Retain original host recipe/geometry qualifications; review missing demonstration list in shadcn-presentation-parity.md
chart-area-step,https://github.com/shadcn-ui/ui/blob/d75a96ab781f3d659be1ad287347d5887ce9f2fc/apps/v4/registry/new-york-v4/charts/chart-area-step.tsx,step fill,StepArea,"render, finite SVG, 900px/320px screenshot; static composition",settled paths equal,default tooltip lacks hideLabel; built-in icon metadata missing,evidence/chart-area-step-desktop.png,evidence/chart-area-step-320.png,Screenshots retained in isolated audit workspace; not embedded in this CSV.,TooltipContent.hideLabel; SeriesConfig.icon; TooltipContent icon; Legend icon/children,Shared public packed recipe tested for line/area/bar; original 59 variants were not rerendered in this PR,Retain original host recipe/geometry qualifications; review missing demonstration list in shadcn-presentation-parity.md
chart-bar-active,https://github.com/shadcn-ui/ui/blob/d75a96ab781f3d659be1ad287347d5887ce9f2fc/apps/v4/registry/new-york-v4/charts/chart-bar-active.tsx,index-sensitive custom rectangle highlight,HighlightedBars (persistent host selection),"render, finite SVG, 900px/320px screenshot; static composition",settled paths equal,default tooltip lacks hideLabel,evidence/chart-bar-active-desktop.png,evidence/chart-bar-active-320.png,Screenshots retained in isolated audit workspace; not embedded in this CSV.,TooltipContent.hideLabel,Shared public packed recipe tested for line/area/bar; original 59 variants were not rerendered in this PR,Retain original host recipe/geometry qualifications; review missing demonstration list in shadcn-presentation-parity.md
chart-bar-default,https://github.com/shadcn-ui/ui/blob/d75a96ab781f3d659be1ad287347d5887ce9f2fc/apps/v4/registry/new-york-v4/charts/chart-bar-default.tsx,vertical bars; rounded corners,VerticalBars,"render, finite SVG, 900px/320px screenshot; static composition",settled paths equal,default tooltip lacks hideLabel,evidence/chart-bar-default-desktop.png,evidence/chart-bar-default-320.png,Screenshots retained in isolated audit workspace; not embedded in this CSV.,TooltipContent.hideLabel,Shared public packed recipe tested for line/area/bar; original 59 variants were not rerendered in this PR,Retain original host recipe/geometry qualifications; review missing demonstration list in shadcn-presentation-parity.md
chart-bar-horizontal,https://github.com/shadcn-ui/ui/blob/d75a96ab781f3d659be1ad287347d5887ce9f2fc/apps/v4/registry/new-york-v4/charts/chart-bar-horizontal.tsx,layout=vertical; numeric X/category Y,HorizontalBars,"render, finite SVG, 900px/320px screenshot; static composition",settled paths equal,default tooltip lacks hideLabel,evidence/chart-bar-horizontal-desktop.png,evidence/chart-bar-horizontal-320.png,Screenshots retained in isolated audit workspace; not embedded in this CSV.,TooltipContent.hideLabel,Shared public packed recipe tested for line/area/bar; original 59 variants were not rerendered in this PR,Retain original host recipe/geometry qualifications; review missing demonstration list in shadcn-presentation-parity.md
chart-bar-interactive,https://github.com/shadcn-ui/ui/blob/d75a96ab781f3d659be1ad287347d5887ce9f2fc/apps/v4/registry/new-york-v4/charts/chart-bar-interactive.tsx,90 daily rows; selected series buttons and totals,InteractiveBars,"render, finite SVG, 900px/320px screenshot; control changes render",settled paths equal,custom host presentation; no exact-style parity claim,evidence/chart-bar-interactive-desktop.png,evidence/chart-bar-interactive-320.png,Screenshots retained in isolated audit workspace; not embedded in this CSV.,No shared gap listed in original row,Shared public packed recipe tested for line/area/bar; original 59 variants were not rerendered in this PR,Retain bounded capability claim; exact original application chrome/Select/icon artwork remains unproved
chart-bar-label-custom,https://github.com/shadcn-ui/ui/blob/d75a96ab781f3d659be1ad287347d5887ce9f2fc/apps/v4/registry/new-york-v4/charts/chart-bar-label-custom.tsx,category inside; value outside custom labels,CustomLabelBars,"render, finite SVG, 900px/320px screenshot; static composition",settled paths equal,default tooltip lacks line selection,evidence/chart-bar-label-custom-desktop.png,evidence/chart-bar-label-custom-320.png,Screenshots retained in isolated audit workspace; not embedded in this CSV.,TooltipContent.indicator=line,Shared public packed recipe tested for line/area/bar; original 59 variants were not rerendered in this PR,Retain original host recipe/geometry qualifications; review missing demonstration list in shadcn-presentation-parity.md
chart-bar-label,https://github.com/shadcn-ui/ui/blob/d75a96ab781f3d659be1ad287347d5887ce9f2fc/apps/v4/registry/new-york-v4/charts/chart-bar-label.tsx,numeric LabelList above bars,LabeledBars,"render, finite SVG, 900px/320px screenshot; static composition",settled paths equal,default tooltip lacks hideLabel,evidence/chart-bar-label-desktop.png,evidence/chart-bar-label-320.png,Screenshots retained in isolated audit workspace; not embedded in this CSV.,TooltipContent.hideLabel,Shared public packed recipe tested for line/area/bar; original 59 variants were not rerendered in this PR,Retain original host recipe/geometry qualifications; review missing demonstration list in shadcn-presentation-parity.md
chart-bar-mixed,https://github.com/shadcn-ui/ui/blob/d75a96ab781f3d659be1ad287347d5887ce9f2fc/apps/v4/registry/new-york-v4/charts/chart-bar-mixed.tsx,per-row fill and category config,CategoryBars,"render, finite SVG, 900px/320px screenshot; static composition",settled paths equal,default tooltip lacks hideLabel,evidence/chart-bar-mixed-desktop.png,evidence/chart-bar-mixed-320.png,Screenshots retained in isolated audit workspace; not embedded in this CSV.,TooltipContent.hideLabel,Shared public packed recipe tested for line/area/bar; original 59 variants were not rerendered in this PR,Retain original host recipe/geometry qualifications; review missing demonstration list in shadcn-presentation-parity.md
chart-bar-multiple,https://github.com/shadcn-ui/ui/blob/d75a96ab781f3d659be1ad287347d5887ce9f2fc/apps/v4/registry/new-york-v4/charts/chart-bar-multiple.tsx,grouped desktop/mobile bars,GroupedBars,"render, finite SVG, 900px/320px screenshot; static composition",settled paths equal,default tooltip lacks dashed selection,evidence/chart-bar-multiple-desktop.png,evidence/chart-bar-multiple-320.png,Screenshots retained in isolated audit workspace; not embedded in this CSV.,TooltipContent.indicator=dashed,Shared public packed recipe tested for line/area/bar; original 59 variants were not rerendered in this PR,Retain original host recipe/geometry qualifications; review missing demonstration list in shadcn-presentation-parity.md
chart-bar-negative,https://github.com/shadcn-ui/ui/blob/d75a96ab781f3d659be1ad287347d5887ce9f2fc/apps/v4/registry/new-york-v4/charts/chart-bar-negative.tsx,positive/negative geometry and custom labels,SignedBars,"render, finite SVG, 900px/320px screenshot; static composition",settled paths equal,default tooltip lacks hideLabel,evidence/chart-bar-negative-desktop.png,evidence/chart-bar-negative-320.png,Screenshots retained in isolated audit workspace; not embedded in this CSV.,TooltipContent.hideLabel,Shared public packed recipe tested for line/area/bar; original 59 variants were not rerendered in this PR,Retain original host recipe/geometry qualifications; review missing demonstration list in shadcn-presentation-parity.md
chart-bar-stacked,https://github.com/shadcn-ui/ui/blob/d75a96ab781f3d659be1ad287347d5887ce9f2fc/apps/v4/registry/new-york-v4/charts/chart-bar-stacked.tsx,matching stackId; split corner radius; legend,StackedBars,"render, finite SVG, 900px/320px screenshot; static composition",legend layout changes plot size; not a proven engine gap,default tooltip lacks hideLabel,evidence/chart-bar-stacked-desktop.png,evidence/chart-bar-stacked-320.png,Screenshots retained in isolated audit workspace; not embedded in this CSV.,TooltipContent.hideLabel,Shared public packed recipe tested for line/area/bar; original 59 variants were not rerendered in this PR,Retain original host recipe/geometry qualifications; review missing demonstration list in shadcn-presentation-parity.md
chart-pie-donut-active,https://github.com/shadcn-ui/ui/blob/d75a96ab781f3d659be1ad287347d5887ce9f2fc/apps/v4/registry/new-york-v4/charts/chart-pie-donut-active.tsx,raised selected native Sector,not demonstrated at pinned head,"render, finite SVG, 900px/320px screenshot; static composition",settled paths equal,default tooltip lacks hideLabel; category content requires explicit itemKey in adapted host; shipped default spacing differs; forthcoming fix untested,evidence/chart-pie-donut-active-desktop.png,evidence/chart-pie-donut-active-320.png,Screenshots retained in isolated audit workspace; not embedded in this CSV.,TooltipContent.hideLabel; unchanged d309d29 itemKey seam integrated once,Shared public packed recipe tested for line/area/bar; original 59 variants were not rerendered in this PR,Verify PR27 e20df29 continuous pie/donut defaults at integrated head; retain native separators
chart-pie-donut-text,https://github.com/shadcn-ui/ui/blob/d75a96ab781f3d659be1ad287347d5887ce9f2fc/apps/v4/registry/new-york-v4/charts/chart-pie-donut-text.tsx,center Label with aggregate total,Allocation center total,"render, finite SVG, 900px/320px screenshot; static composition",settled paths equal,default tooltip lacks hideLabel; category content requires explicit itemKey in adapted host; shipped default spacing differs; forthcoming fix untested,evidence/chart-pie-donut-text-desktop.png,evidence/chart-pie-donut-text-320.png,Screenshots retained in isolated audit workspace; not embedded in this CSV.,TooltipContent.hideLabel; unchanged d309d29 itemKey seam integrated once,Shared public packed recipe tested for line/area/bar; original 59 variants were not rerendered in this PR,Verify PR27 e20df29 continuous pie/donut defaults at integrated head; retain native separators
chart-pie-donut,https://github.com/shadcn-ui/ui/blob/d75a96ab781f3d659be1ad287347d5887ce9f2fc/apps/v4/registry/new-york-v4/charts/chart-pie-donut.tsx,innerRadius=60,Allocation donut (extra padding/stroke),"render, finite SVG, 900px/320px screenshot; static composition",settled paths equal,default tooltip lacks hideLabel; category content requires explicit itemKey in adapted host; shipped default spacing differs; forthcoming fix untested,evidence/chart-pie-donut-desktop.png,evidence/chart-pie-donut-320.png,Screenshots retained in isolated audit workspace; not embedded in this CSV.,TooltipContent.hideLabel; unchanged d309d29 itemKey seam integrated once,Shared public packed recipe tested for line/area/bar; original 59 variants were not rerendered in this PR,Verify PR27 e20df29 continuous pie/donut defaults at integrated head; retain native separators
chart-pie-interactive,https://github.com/shadcn-ui/ui/blob/d75a96ab781f3d659be1ad287347d5887ce9f2fc/apps/v4/registry/new-york-v4/charts/chart-pie-interactive.tsx,month selector; highlighted ring/sector; selected center value,not demonstrated at pinned head,"render, finite SVG, 900px/320px screenshot; control changes render",settled paths equal,default tooltip lacks hideLabel; category content requires explicit itemKey in adapted host; shipped default spacing differs; forthcoming fix untested,evidence/chart-pie-interactive-desktop.png,evidence/chart-pie-interactive-320.png,Screenshots retained in isolated audit workspace; not embedded in this CSV.,TooltipContent.hideLabel; unchanged d309d29 itemKey seam integrated once,Shared public packed recipe tested for line/area/bar; original 59 variants were not rerendered in this PR,Verify PR27 e20df29 continuous pie/donut defaults at integrated head; retain native separators
chart-pie-label-custom,https://github.com/shadcn-ui/ui/blob/d75a96ab781f3d659be1ad287347d5887ce9f2fc/apps/v4/registry/new-york-v4/charts/chart-pie-label-custom.tsx,custom label function,not demonstrated at pinned head,"render, finite SVG, 900px/320px screenshot; static composition",settled paths equal,default tooltip lacks hideLabel; category content requires explicit itemKey in adapted host; shipped default spacing differs; forthcoming fix untested,evidence/chart-pie-label-custom-desktop.png,evidence/chart-pie-label-custom-320.png,Screenshots retained in isolated audit workspace; not embedded in this CSV.,TooltipContent.hideLabel; unchanged d309d29 itemKey seam integrated once,Shared public packed recipe tested for line/area/bar; original 59 variants were not rerendered in this PR,Verify PR27 e20df29 continuous pie/donut defaults at integrated head; retain native separators
chart-pie-label-list,https://github.com/shadcn-ui/ui/blob/d75a96ab781f3d659be1ad287347d5887ce9f2fc/apps/v4/registry/new-york-v4/charts/chart-pie-label-list.tsx,native LabelList category metadata,not demonstrated at pinned head,"render, finite SVG, 900px/320px screenshot; static composition",settled paths equal,default tooltip lacks hideLabel; shipped default spacing differs; forthcoming fix untested,evidence/chart-pie-label-list-desktop.png,evidence/chart-pie-label-list-320.png,Screenshots retained in isolated audit workspace; not embedded in this CSV.,TooltipContent.hideLabel,Shared public packed recipe tested for line/area/bar; original 59 variants were not rerendered in this PR,Verify PR27 e20df29 continuous pie/donut defaults at integrated head; retain native separators
chart-pie-label,https://github.com/shadcn-ui/ui/blob/d75a96ab781f3d659be1ad287347d5887ce9f2fc/apps/v4/registry/new-york-v4/charts/chart-pie-label.tsx,native labels,not demonstrated at pinned head,"render, finite SVG, 900px/320px screenshot; static composition",settled paths equal,default tooltip lacks hideLabel; category content requires explicit itemKey in adapted host; shipped default spacing differs; forthcoming fix untested,evidence/chart-pie-label-desktop.png,evidence/chart-pie-label-320.png,Screenshots retained in isolated audit workspace; not embedded in this CSV.,TooltipContent.hideLabel; unchanged d309d29 itemKey seam integrated once,Shared public packed recipe tested for line/area/bar; original 59 variants were not rerendered in this PR,Verify PR27 e20df29 continuous pie/donut defaults at integrated head; retain native separators
chart-pie-legend,https://github.com/shadcn-ui/ui/blob/d75a96ab781f3d659be1ad287347d5887ce9f2fc/apps/v4/registry/new-york-v4/charts/chart-pie-legend.tsx,native category legend,Allocation controlled legend; not native engine placement,"render, finite SVG, 900px/320px screenshot; static composition",legend layout changes plot size; not a proven engine gap,category content requires explicit itemKey in adapted host; shipped default spacing differs; forthcoming fix untested,evidence/chart-pie-legend-desktop.png,evidence/chart-pie-legend-320.png,Screenshots retained in isolated audit workspace; not embedded in this CSV.,unchanged d309d29 itemKey seam integrated once,Shared public packed recipe tested for line/area/bar; original 59 variants were not rerendered in this PR,Verify PR27 e20df29 continuous pie/donut defaults at integrated head; retain native separators
chart-pie-separator-none,https://github.com/shadcn-ui/ui/blob/d75a96ab781f3d659be1ad287347d5887ce9f2fc/apps/v4/registry/new-york-v4/charts/chart-pie-separator-none.tsx,explicit stroke=0; continuous sectors,not demonstrated at pinned head,"render, finite SVG, 900px/320px screenshot; static composition",settled paths equal,default tooltip lacks hideLabel; category content requires explicit itemKey in adapted host; shipped default spacing differs; forthcoming fix untested,evidence/chart-pie-separator-none-desktop.png,evidence/chart-pie-separator-none-320.png,Screenshots retained in isolated audit workspace; not embedded in this CSV.,TooltipContent.hideLabel; unchanged d309d29 itemKey seam integrated once,Shared public packed recipe tested for line/area/bar; original 59 variants were not rerendered in this PR,Verify PR27 e20df29 continuous pie/donut defaults at integrated head; retain native separators
chart-pie-simple,https://github.com/shadcn-ui/ui/blob/d75a96ab781f3d659be1ad287347d5887ce9f2fc/apps/v4/registry/new-york-v4/charts/chart-pie-simple.tsx,native sectors; dataKey/nameKey,Allocation pie (extra padding/stroke),"render, finite SVG, 900px/320px screenshot; static composition",settled paths equal,default tooltip lacks hideLabel; category content requires explicit itemKey in adapted host; shipped default spacing differs; forthcoming fix untested,evidence/chart-pie-simple-desktop.png,evidence/chart-pie-simple-320.png,Screenshots retained in isolated audit workspace; not embedded in this CSV.,TooltipContent.hideLabel; unchanged d309d29 itemKey seam integrated once,Shared public packed recipe tested for line/area/bar; original 59 variants were not rerendered in this PR,Verify PR27 e20df29 continuous pie/donut defaults at integrated head; retain native separators
chart-pie-stacked,https://github.com/shadcn-ui/ui/blob/d75a96ab781f3d659be1ad287347d5887ce9f2fc/apps/v4/registry/new-york-v4/charts/chart-pie-stacked.tsx,multiple Pie rings with separate radii/data,not demonstrated at pinned head,"render, finite SVG, 900px/320px screenshot; static composition",settled paths equal,default tooltip lacks line selection; category content requires explicit itemKey in adapted host; shipped default spacing differs; forthcoming fix untested,evidence/chart-pie-stacked-desktop.png,evidence/chart-pie-stacked-320.png,Screenshots retained in isolated audit workspace; not embedded in this CSV.,TooltipContent.indicator=line; unchanged d309d29 itemKey seam integrated once,Shared public packed recipe tested for line/area/bar; original 59 variants were not rerendered in this PR,Verify PR27 e20df29 continuous pie/donut defaults at integrated head; retain native separators
chart-radar-default,https://github.com/shadcn-ui/ui/blob/d75a96ab781f3d659be1ad287347d5887ce9f2fc/apps/v4/registry/new-york-v4/charts/chart-radar-default.tsx,native polygon; angle labels,Comparison (two series),"render, finite SVG, 900px/320px screenshot; static composition",settled paths equal,custom host presentation; no exact-style parity claim,evidence/chart-radar-default-desktop.png,evidence/chart-radar-default-320.png,Screenshots retained in isolated audit workspace; not embedded in this CSV.,No shared gap listed in original row,Shared public packed recipe tested for line/area/bar; original 59 variants were not rerendered in this PR,Retain bounded capability claim; exact original application chrome/Select/icon artwork remains unproved
chart-radar-dots,https://github.com/shadcn-ui/ui/blob/d75a96ab781f3d659be1ad287347d5887ce9f2fc/apps/v4/registry/new-york-v4/charts/chart-radar-dots.tsx,point marks and active dots,Outline includes dots,"render, finite SVG, 900px/320px screenshot; static composition",settled paths equal,custom host presentation; no exact-style parity claim,evidence/chart-radar-dots-desktop.png,evidence/chart-radar-dots-320.png,Screenshots retained in isolated audit workspace; not embedded in this CSV.,No shared gap listed in original row,Shared public packed recipe tested for line/area/bar; original 59 variants were not rerendered in this PR,Retain bounded capability claim; exact original application chrome/Select/icon artwork remains unproved
chart-radar-grid-circle-fill,https://github.com/shadcn-ui/ui/blob/d75a96ab781f3d659be1ad287347d5887ce9f2fc/apps/v4/registry/new-york-v4/charts/chart-radar-grid-circle-fill.tsx,circle grid with alternating fill classes,not demonstrated at pinned head,"render, finite SVG, 900px/320px screenshot; static composition",settled paths equal,custom host presentation; no exact-style parity claim,evidence/chart-radar-grid-circle-fill-desktop.png,evidence/chart-radar-grid-circle-fill-320.png,Screenshots retained in isolated audit workspace; not embedded in this CSV.,No shared gap listed in original row,Shared public packed recipe tested for line/area/bar; original 59 variants were not rerendered in this PR,Retain bounded capability claim; exact original application chrome/Select/icon artwork remains unproved
chart-radar-grid-circle-no-lines,https://github.com/shadcn-ui/ui/blob/d75a96ab781f3d659be1ad287347d5887ce9f2fc/apps/v4/registry/new-york-v4/charts/chart-radar-grid-circle-no-lines.tsx,circle grid without radial lines,not demonstrated at pinned head,"render, finite SVG, 900px/320px screenshot; static composition",settled paths equal,default tooltip lacks hideLabel,evidence/chart-radar-grid-circle-no-lines-desktop.png,evidence/chart-radar-grid-circle-no-lines-320.png,Screenshots retained in isolated audit workspace; not embedded in this CSV.,TooltipContent.hideLabel,Shared public packed recipe tested for line/area/bar; original 59 variants were not rerendered in this PR,Retain original host recipe/geometry qualifications; review missing demonstration list in shadcn-presentation-parity.md
chart-radar-grid-circle,https://github.com/shadcn-ui/ui/blob/d75a96ab781f3d659be1ad287347d5887ce9f2fc/apps/v4/registry/new-york-v4/charts/chart-radar-grid-circle.tsx,circle PolarGrid,not demonstrated at pinned head,"render, finite SVG, 900px/320px screenshot; static composition",settled paths equal,default tooltip lacks hideLabel,evidence/chart-radar-grid-circle-desktop.png,evidence/chart-radar-grid-circle-320.png,Screenshots retained in isolated audit workspace; not embedded in this CSV.,TooltipContent.hideLabel,Shared public packed recipe tested for line/area/bar; original 59 variants were not rerendered in this PR,Retain original host recipe/geometry qualifications; review missing demonstration list in shadcn-presentation-parity.md
chart-radar-grid-custom,https://github.com/shadcn-ui/ui/blob/d75a96ab781f3d659be1ad287347d5887ce9f2fc/apps/v4/registry/new-york-v4/charts/chart-radar-grid-custom.tsx,explicit polarRadius ring and radialLines=false,not demonstrated at pinned head,"render, finite SVG, 900px/320px screenshot; static composition",settled paths equal,default tooltip lacks hideLabel,evidence/chart-radar-grid-custom-desktop.png,evidence/chart-radar-grid-custom-320.png,Screenshots retained in isolated audit workspace; not embedded in this CSV.,TooltipContent.hideLabel,Shared public packed recipe tested for line/area/bar; original 59 variants were not rerendered in this PR,Retain original host recipe/geometry qualifications; review missing demonstration list in shadcn-presentation-parity.md
chart-radar-grid-fill,https://github.com/shadcn-ui/ui/blob/d75a96ab781f3d659be1ad287347d5887ce9f2fc/apps/v4/registry/new-york-v4/charts/chart-radar-grid-fill.tsx,filled polygon grid classes,not demonstrated at pinned head,"render, finite SVG, 900px/320px screenshot; static composition",settled paths equal,default tooltip lacks hideLabel,evidence/chart-radar-grid-fill-desktop.png,evidence/chart-radar-grid-fill-320.png,Screenshots retained in isolated audit workspace; not embedded in this CSV.,TooltipContent.hideLabel,Shared public packed recipe tested for line/area/bar; original 59 variants were not rerendered in this PR,Retain original host recipe/geometry qualifications; review missing demonstration list in shadcn-presentation-parity.md
chart-radar-grid-none,https://github.com/shadcn-ui/ui/blob/d75a96ab781f3d659be1ad287347d5887ce9f2fc/apps/v4/registry/new-york-v4/charts/chart-radar-grid-none.tsx,no PolarGrid,not demonstrated at pinned head,"render, finite SVG, 900px/320px screenshot; static composition",settled paths equal,default tooltip lacks hideLabel,evidence/chart-radar-grid-none-desktop.png,evidence/chart-radar-grid-none-320.png,Screenshots retained in isolated audit workspace; not embedded in this CSV.,TooltipContent.hideLabel,Shared public packed recipe tested for line/area/bar; original 59 variants were not rerendered in this PR,Retain original host recipe/geometry qualifications; review missing demonstration list in shadcn-presentation-parity.md
chart-radar-label-custom,https://github.com/shadcn-ui/ui/blob/d75a96ab781f3d659be1ad287347d5887ce9f2fc/apps/v4/registry/new-york-v4/charts/chart-radar-label-custom.tsx,two series; custom angle-axis ticks with numeric values,not demonstrated at pinned head,"render, finite SVG, 900px/320px screenshot; static composition",settled paths equal,default tooltip lacks line selection; 320px custom tick text clipped in both adapted hosts,evidence/chart-radar-label-custom-desktop.png,evidence/chart-radar-label-custom-320.png,Screenshots retained in isolated audit workspace; not embedded in this CSV.,TooltipContent.indicator=line,Shared public packed recipe tested for line/area/bar; original 59 variants were not rerendered in this PR,Verify PR26 7777882 labels at 320px; assert SVG text boxes inside plot; host margins/radius/abbreviations if needed
chart-radar-legend,https://github.com/shadcn-ui/ui/blob/d75a96ab781f3d659be1ad287347d5887ce9f2fc/apps/v4/registry/new-york-v4/charts/chart-radar-legend.tsx,two series plus legend,Comparison controlled legend,"render, finite SVG, 900px/320px screenshot; static composition",legend layout changes plot size; not a proven engine gap,default tooltip lacks line selection,evidence/chart-radar-legend-desktop.png,evidence/chart-radar-legend-320.png,Screenshots retained in isolated audit workspace; not embedded in this CSV.,TooltipContent.indicator=line,Shared public packed recipe tested for line/area/bar; original 59 variants were not rerendered in this PR,Retain original host recipe/geometry qualifications; review missing demonstration list in shadcn-presentation-parity.md
chart-radar-lines-only,https://github.com/shadcn-ui/ui/blob/d75a96ab781f3d659be1ad287347d5887ce9f2fc/apps/v4/registry/new-york-v4/charts/chart-radar-lines-only.tsx,unfilled stroke polygons,Outline,"render, finite SVG, 900px/320px screenshot; static composition",settled paths equal,default tooltip lacks line selection,evidence/chart-radar-lines-only-desktop.png,evidence/chart-radar-lines-only-320.png,Screenshots retained in isolated audit workspace; not embedded in this CSV.,TooltipContent.indicator=line,Shared public packed recipe tested for line/area/bar; original 59 variants were not rerendered in this PR,Retain original host recipe/geometry qualifications; review missing demonstration list in shadcn-presentation-parity.md
chart-radar-multiple,https://github.com/shadcn-ui/ui/blob/d75a96ab781f3d659be1ad287347d5887ce9f2fc/apps/v4/registry/new-york-v4/charts/chart-radar-multiple.tsx,two filled series,Comparison,"render, finite SVG, 900px/320px screenshot; static composition",settled paths equal,default tooltip lacks line selection,evidence/chart-radar-multiple-desktop.png,evidence/chart-radar-multiple-320.png,Screenshots retained in isolated audit workspace; not embedded in this CSV.,TooltipContent.indicator=line,Shared public packed recipe tested for line/area/bar; original 59 variants were not rerendered in this PR,Retain original host recipe/geometry qualifications; review missing demonstration list in shadcn-presentation-parity.md
chart-radial-grid,https://github.com/shadcn-ui/ui/blob/d75a96ab781f3d659be1ad287347d5887ce9f2fc/apps/v4/registry/new-york-v4/charts/chart-radial-grid.tsx,circular PolarGrid with explicit polarRadius,not demonstrated at pinned head,"render, finite SVG, 900px/320px screenshot; static composition",settled paths equal,default tooltip lacks hideLabel; category content requires explicit itemKey in adapted host,evidence/chart-radial-grid-desktop.png,evidence/chart-radial-grid-320.png,Screenshots retained in isolated audit workspace; not embedded in this CSV.,TooltipContent.hideLabel; unchanged d309d29 itemKey seam integrated once,Shared public packed recipe tested for line/area/bar; original 59 variants were not rerendered in this PR,Retain original host recipe/geometry qualifications; review missing demonstration list in shadcn-presentation-parity.md
chart-radial-label,https://github.com/shadcn-ui/ui/blob/d75a96ab781f3d659be1ad287347d5887ce9f2fc/apps/v4/registry/new-york-v4/charts/chart-radial-label.tsx,insideStart category LabelList; start/end angle controls,not demonstrated at pinned head,"render, finite SVG, 900px/320px screenshot; static composition",settled paths equal,default tooltip lacks hideLabel; category content requires explicit itemKey in adapted host,evidence/chart-radial-label-desktop.png,evidence/chart-radial-label-320.png,Screenshots retained in isolated audit workspace; not embedded in this CSV.,TooltipContent.hideLabel; unchanged d309d29 itemKey seam integrated once,Shared public packed recipe tested for line/area/bar; original 59 variants were not rerendered in this PR,Retain original host recipe/geometry qualifications; review missing demonstration list in shadcn-presentation-parity.md
chart-radial-shape,https://github.com/shadcn-ui/ui/blob/d75a96ab781f3d659be1ad287347d5887ce9f2fc/apps/v4/registry/new-york-v4/charts/chart-radial-shape.tsx,bounded arc; centered label; polar grid rings,Gauge (not exact official styled ring),"render, finite SVG, 900px/320px screenshot; static composition",settled paths equal,custom host presentation; no exact-style parity claim,evidence/chart-radial-shape-desktop.png,evidence/chart-radial-shape-320.png,Screenshots retained in isolated audit workspace; not embedded in this CSV.,No shared gap listed in original row,Shared public packed recipe tested for line/area/bar; original 59 variants were not rerendered in this PR,Retain bounded capability claim; exact original application chrome/Select/icon artwork remains unproved
chart-radial-simple,https://github.com/shadcn-ui/ui/blob/d75a96ab781f3d659be1ad287347d5887ce9f2fc/apps/v4/registry/new-york-v4/charts/chart-radial-simple.tsx,category-colored concentric radial bars,Rings (grouped actual/target),"render, finite SVG, 900px/320px screenshot; static composition",settled paths equal,default tooltip lacks hideLabel; category content requires explicit itemKey in adapted host,evidence/chart-radial-simple-desktop.png,evidence/chart-radial-simple-320.png,Screenshots retained in isolated audit workspace; not embedded in this CSV.,TooltipContent.hideLabel; unchanged d309d29 itemKey seam integrated once,Shared public packed recipe tested for line/area/bar; original 59 variants were not rerendered in this PR,Retain original host recipe/geometry qualifications; review missing demonstration list in shadcn-presentation-parity.md
chart-radial-stacked,https://github.com/shadcn-ui/ui/blob/d75a96ab781f3d659be1ad287347d5887ce9f2fc/apps/v4/registry/new-york-v4/charts/chart-radial-stacked.tsx,additive half-circle stacked arcs; corner radius and center total,Stacked,"render, finite SVG, 900px/320px screenshot; static composition",settled paths equal,default tooltip lacks hideLabel,evidence/chart-radial-stacked-desktop.png,evidence/chart-radial-stacked-320.png,Screenshots retained in isolated audit workspace; not embedded in this CSV.,TooltipContent.hideLabel,Shared public packed recipe tested for line/area/bar; original 59 variants were not rerendered in this PR,Retain original host recipe/geometry qualifications; review missing demonstration list in shadcn-presentation-parity.md
chart-radial-text,https://github.com/shadcn-ui/ui/blob/d75a96ab781f3d659be1ad287347d5887ce9f2fc/apps/v4/registry/new-york-v4/charts/chart-radial-text.tsx,center numeric Label on radius axis,Gauge/Rings are closest; not exact center-label recipe,"render, finite SVG, 900px/320px screenshot; static composition",settled paths equal,custom host presentation; no exact-style parity claim,evidence/chart-radial-text-desktop.png,evidence/chart-radial-text-320.png,Screenshots retained in isolated audit workspace; not embedded in this CSV.,No shared gap listed in original row,Shared public packed recipe tested for line/area/bar; original 59 variants were not rerendered in this PR,Retain bounded capability claim; exact original application chrome/Select/icon artwork remains unproved
